,wins,attend
0,0.3,1294732.7861242497
1,0.35,1542625.929090508
2,0.4,1790519.0720567668
3,0.45,2038412.2150230254
4,0.5,2286305.3579892837
5,0.55,2534198.5009555425
6,0.6,2782091.643921801
7,0.65,3029984.786888059
8,0.7,3277877.9298543176
9,0.75,3525771.0728205764
10,0.8,3773664.215786835
11,0.85,4021557.358753093
12,0.9,4269450.501719352
