,wins,attend
0,60,1649249.2190465434
1,65,1808119.5889466438
2,70,1966989.9588467441
3,75,2125860.3287468445
4,80,2284730.698646945
5,85,2443601.0685470453
6,90,2602471.4384471453
7,95,2761341.8083472457
8,100,2920212.178247346
9,105,3079082.5481474465
