,wins,attend
0,0.3,1294732.7861242485
1,0.35,1542625.9290905073
2,0.4,1790519.0720567661
3,0.45,2038412.215023025
4,0.5,2286305.3579892837
5,0.55,2534198.5009555425
6,0.6,2782091.6439218014
7,0.65,3029984.78688806
8,0.7,3277877.929854319
9,0.75,3525771.072820578
10,0.8,3773664.2157868366
11,0.85,4021557.358753095
12,0.9,4269450.501719354
