,wins,attend
0,60,1644764.7978208577
1,65,1797665.4043506465
2,70,1950566.0108804354
3,75,2103466.6174102244
4,80,2256367.2239400134
5,85,2409267.830469802
6,90,2562168.436999591
7,95,2715069.04352938
8,100,2867969.6500591687
9,105,3020870.2565889577
