,wins,attend
0,0.3,1332203.356597677
1,0.35,1570639.1382246295
2,0.4,1809074.9198515818
3,0.45,2047510.701478534
4,0.5,2285946.4831054863
5,0.55,2524382.2647324386
6,0.6,2762818.0463593905
7,0.65,3001253.8279863433
8,0.7,3239689.609613295
9,0.75,3478125.3912402475
10,0.8,3716561.1728672
11,0.85,3954996.9544941518
12,0.9,4193432.736121104
